Adur,Allerdale,Amber Valley,Arun,Ashfield,Ashford,Babergh,Barking and Dagenham,Barnet,Barnsley,Barrow-in-Furness,Basildon,Basingstoke and Deane,Bassetlaw,Bath and North East Somerset,Bedford,Bexley,Birmingham,Blaby,Blackburn with Darwen,Blackpool,Bolsover,Bolton,Boston,"Bournemouth, Christchurch and Poole",Bracknell Forest,Bradford,Braintree,Breckland,Brent,Brentwood,Brighton and Hove,"Bristol, City of",Broadland,Bromley,Bromsgrove,Broxbourne,Broxtowe,Buckinghamshire,Burnley,Bury,Calderdale,Cambridge,Camden,Cannock Chase,Canterbury,Carlisle,Castle Point,Central Bedfordshire,Charnwood,Chelmsford,Cheltenham,Cherwell,Cheshire East,Cheshire West and Chester,Chesterfield,Chichester,Chorley,Colchester,Copeland,Cornwall and Isles of Scilly,Cotswold,County Durham,Coventry,Craven,Crawley,Croydon,Dacorum,Darlington,Dartford,Derby,Derbyshire Dales,Doncaster,Dorset,Dover,Dudley,Ealing,East Cambridgeshire,East Devon,East Hampshire,East Hertfordshire,East Lindsey,East Riding of Yorkshire,East Staffordshire,East Suffolk,Eastbourne,Eastleigh,Eden,Elmbridge,Enfield,Epping Forest,Epsom and Ewell,Erewash,Exeter,Fareham,Fenland,Folkestone and Hythe,Forest of Dean,Fylde,Gateshead,Gedling,Gloucester,Gosport,Gravesham,Great Yarmouth,Greenwich,Guildford,"Hackney, Westminster and City of London",Halton,Hambleton,Hammersmith and Fulham,Harborough,Haringey,Harlow,Harrogate,Harrow,Hart,Hartlepool,Hastings,Havant,Havering,"Herefordshire, County of",Hertsmere,High Peak,Hillingdon,Hinckley and Bosworth,Horsham,Hounslow,Huntingdonshire,Hyndburn,Ipswich,Isle of Wight,Islington,Kensington and Chelsea,King's Lynn and West Norfolk,"Kingston upon Hull, City of",Kingston upon Thames,Kirklees,Knowsley,Lambeth,Lancaster,Leeds,Leicester,Lewes,Lewisham,Lichfield,Lincoln,Liverpool,Luton,Maidstone,Maldon,Malvern Hills,Manchester,Mansfield,Medway,Melton,Mendip,Merton,Mid Devon,Mid Suffolk,Mid Sussex,Middlesbrough,Milton Keynes,Mole Valley,New Forest,Newark and Sherwood,Newcastle upon Tyne,Newcastle-under-Lyme,Newham,North Devon,North East Derbyshire,North East Lincolnshire,North Hertfordshire,North Kesteven,North Lincolnshire,North Norfolk,North Northamptonshire,North Somerset,North Tyneside,North Warwickshire,North West Leicestershire,Northumberland,Norwich,Nottingham,Nuneaton and Bedworth,Oadby and Wigston,Oldham,Oxford,Pendle,Peterborough,Plymouth,Portsmouth,Preston,Reading,Redbridge,Redcar and Cleveland,Redditch,Reigate and Banstead,Ribble Valley,Richmond upon Thames,Richmondshire,Rochdale,Rochford,Rossendale,Rother,Rotherham,Rugby,Runnymede,Rushcliffe,Rushmoor,Rutland,Ryedale,Salford,Sandwell,Scarborough,Sedgemoor,Sefton,Selby,Sevenoaks,Sheffield,Shropshire,Slough,Solihull,Somerset West and Taunton,South Cambridgeshire,South Derbyshire,South Gloucestershire,South Hams,South Holland,South Kesteven,South Lakeland,South Norfolk,South Oxfordshire,South Ribble,South Somerset,South Staffordshire,South Tyneside,Southampton,Southend-on-Sea,Southwark,Spelthorne,St Albans,St. Helens,Stafford,Staffordshire Moorlands,Stevenage,Stockport,Stockton-on-Tees,Stoke-on-Trent,Stratford-on-Avon,Stroud,Sunderland,Surrey Heath,Sutton,Swale,Swindon,Tameside,Tamworth,Tandridge,Teignbridge,Telford and Wrekin,Tendring,Test Valley,Tewkesbury,Thanet,Three Rivers,Thurrock,Tonbridge and Malling,Torbay,Torridge,Tower Hamlets,Trafford,Tunbridge Wells,Uttlesford,Vale of White Horse,Wakefield,Walsall,Waltham Forest,Wandsworth,Warrington,Warwick,Watford,Waverley,Wealden,Welwyn Hatfield,West Berkshire,West Devon,West Lancashire,West Lindsey,West Northamptonshire,West Oxfordshire,West Suffolk,Wigan,Wiltshire,Winchester,Windsor and Maidenhead,Wirral,Woking,Wokingham,Wolverhampton,Worcester,Worthing,Wychavon,Wyre,Wyre Forest,York
0,0,0,0,0,0,0,0,0,0,0,0,0,0,0,0,0,0,0,0,0,0,0,0,0,0,0,0,0,0,0,0,0,0,0,0,0,0,0,0,0,0,0,0,0,0,0,0,0,0,0,0,0,0,0,0,0,0,0,0,0,0,0,0,0,0,0,0,0,0,0,0,0,0,0,0,0,0,0,0,0,0,0,0,0,0,0,0,0,0,0,0,0,0,0,0,0,0,0,0,0,0,0,0,0,0,0,0,0,0,0,0,0,0,0,0,0,0,0,0,0,0,0,0,0,0,0,0,0,0,0,0,0,0,0,0,0,0,0,0,0,0,0,0,0,0,0,0,0,0,0,0,0,0,0,0,0,0,0,0,0,0,0,0,0,0,0,0,0,0,0,0,0,0,0,0,0,0,0,0,0,0,0,0,0,0,0,0,0,0,0,0,0,0,0,0,0,0,0,0,0,0,0,0,0,0,0,0,0,0,0,0,0,0,0,0,0,0,0,0,0,0,0,0,0,0,0,0,0,0,0,0,0,0,0,0,0,0,0,0,0,0,0,0,0,0,0,0,0,0,0,0,0,0,0,0,0,0,0,0,0,0,0,0,0,0,0,0,0,0,0,0,0,0,0,0,0,0,0,0,0,0,0,0,0,0,0,0,0,0,0,0,0,0,0,0,0,0,0,0,0,0,0,0,0,0
0,0,0,0,0,0,0,0,0,0,0,0,0,0,0,0,0,0,0,0,0,0,0,0,0,0,0,0,0,0,0,0,0,0,0,0,0,0,0,0,0,0,0,0,0,0,0,0,0,0,0,0,0,0,0,0,0,0,0,0,0,0,0,0,0,0,0,0,0,0,0,0,0,0,0,0,0,0,0,0,0,0,0,0,0,0,0,0,0,0,0,0,0,0,0,0,0,0,0,0,0,0,0,0,0,0,0,0,0,0,0,0,0,0,0,0,0,0,0,0,0,0,0,0,0,0,0,0,0,0,0,0,0,0,0,0,0,0,0,0,0,0,0,0,0,0,0,0,0,0,0,0,0,0,0,0,0,0,0,0,0,0,0,0,0,0,0,0,0,0,0,0,0,0,0,0,0,0,0,0,0,0,0,0,0,0,0,0,0,0,0,0,0,0,0,0,0,0,0,0,0,0,0,0,0,0,0,0,0,0,0,0,0,0,0,0,0,0,0,0,0,0,0,0,0,0,0,0,0,0,0,0,0,0,0,0,0,0,0,0,0,0,0,0,0,0,0,0,0,0,0,0,0,0,0,0,0,0,0,0,0,0,0,0,0,0,0,0,0,0,0,0,0,0,0,0,0,0,0,0,0,0,0,0,0,0,0,0,0,0,0,0,0,0,0,0,0,0,0,0,0,0,0,0,0,0
0,0,0,0,0,0,0,0,0,0,0,0,0,0,0,0,0,0,0,0,0,0,0,0,0,0,0,0,0,0,0,0,0,0,0,0,0,0,0,0,0,0,0,0,0,0,0,0,0,0,0,0,0,0,0,0,0,0,0,0,0,0,0,0,0,0,0,0,0,0,0,0,0,0,0,0,0,0,0,0,0,0,0,0,0,0,0,0,0,0,0,0,0,0,0,0,0,0,0,0,0,0,0,0,0,0,0,0,0,0,0,0,0,0,0,0,0,0,0,0,0,0,0,0,0,0,0,0,0,0,0,0,0,0,0,0,0,0,0,0,0,0,0,0,0,0,0,0,0,0,0,0,0,0,0,0,0,0,0,0,0,0,0,0,0,0,0,0,0,0,0,0,0,0,0,0,0,0,0,0,0,0,0,0,0,0,0,0,0,0,0,0,0,0,0,0,0,0,0,0,0,0,0,0,0,0,0,0,0,0,0,0,0,0,0,0,0,0,0,0,0,0,0,0,0,0,0,0,0,0,0,0,0,0,0,0,0,0,0,0,0,0,0,0,0,0,0,0,0,0,0,0,0,0,0,0,0,0,0,0,0,0,0,0,0,0,0,0,0,0,0,0,0,0,0,0,0,0,0,0,0,0,0,0,0,0,0,0,0,0,0,0,0,0,0,0,0,0,0,0,0,0,0,0,0,0
0,0,0,0,0,0,0,0,0,0,0,0,0,0,0,0,0,0,0,0,0,0,0,0,0,0,0,0,0,0,0,0,0,0,0,0,0,0,0,0,0,0,0,0,0,0,0,0,0,0,0,0,0,0,0,0,0,0,0,0,0,0,0,0,0,0,0,0,0,0,0,0,0,0,0,0,0,0,0,0,0,0,0,0,0,0,0,0,0,0,0,0,0,0,0,0,0,0,0,0,0,0,0,0,0,0,0,0,0,0,0,0,0,0,0,0,0,0,0,0,0,0,0,0,0,0,0,0,0,0,0,0,0,0,0,0,0,0,0,0,0,0,0,0,0,0,0,0,0,0,0,0,0,0,0,0,0,0,0,0,0,0,0,0,0,0,0,0,0,0,0,0,0,0,0,0,0,0,0,0,0,0,0,0,0,0,0,0,0,0,0,0,0,0,0,0,0,0,0,0,0,0,0,0,0,0,0,0,0,0,0,0,0,0,0,0,0,0,0,0,0,0,0,0,0,0,0,0,0,0,0,0,0,0,0,0,0,0,0,0,0,0,0,0,0,0,0,0,0,0,0,0,0,0,0,0,0,0,0,0,0,0,0,0,0,0,0,0,0,0,0,0,0,0,0,0,0,0,0,0,0,0,0,0,0,0,0,0,0,0,0,0,0,0,0,0,0,0,0,0,0,0,0,0,0,0
0,0,0,0,0,0,0,0,0,0,0,0,0,0,0,0,0,0,0,0,0,0,0,0,0,0,0,0,0,0,0,0,0,0,0,0,0,0,0,0,0,0,0,0,0,0,0,0,0,0,0,0,0,0,0,0,0,0,0,0,0,0,0,0,0,0,0,0,0,0,0,0,0,0,0,0,0,0,0,0,0,0,0,0,0,0,0,0,0,0,0,0,0,0,0,0,0,0,0,0,0,0,0,0,0,0,0,0,0,0,0,0,0,0,0,0,0,0,0,0,0,0,0,0,0,0,0,0,0,0,0,0,0,0,0,0,0,0,0,0,0,0,0,0,0,0,0,0,0,0,0,0,0,0,1,0,0,0,0,0,0,0,0,0,0,0,0,0,0,0,0,0,0,0,0,0,0,0,0,0,0,0,0,0,0,0,0,0,0,0,0,0,0,0,0,0,0,0,0,0,0,0,0,0,0,0,0,0,0,0,0,0,0,0,0,0,0,0,0,0,0,0,0,0,0,0,0,0,0,0,0,0,0,0,0,0,0,0,0,0,0,0,0,0,0,0,0,0,0,0,0,0,0,0,0,0,0,0,0,0,0,0,0,0,0,0,0,0,0,0,0,0,0,0,0,0,0,0,0,0,0,0,0,0,0,0,0,0,0,0,0,0,0,0,0,0,0,0,0,0,0,0,0,0,0,0
0,0,0,0,0,0,0,0,0,0,0,0,0,0,0,0,0,0,0,0,0,0,0,0,0,0,0,0,0,0,0,0,0,0,0,0,0,0,0,0,0,0,0,0,0,0,0,0,0,0,0,0,0,0,0,0,0,0,0,0,0,0,0,0,0,0,0,0,0,0,0,0,0,0,0,0,0,0,0,0,0,0,0,0,0,0,0,0,0,0,0,0,0,0,0,0,0,0,0,0,0,0,0,0,0,0,0,0,0,0,0,0,0,0,0,0,0,0,0,0,0,0,0,0,0,0,0,0,0,0,0,0,0,0,0,0,0,0,0,0,0,0,0,0,0,0,0,0,0,0,0,0,0,0,0,0,0,0,0,0,0,0,0,0,0,0,0,0,0,0,0,0,0,0,0,0,0,0,0,0,0,0,0,0,0,0,0,0,0,0,0,0,0,0,0,0,0,0,0,0,0,0,0,0,0,0,0,0,0,0,0,0,0,0,0,0,0,0,0,0,0,0,0,0,0,0,0,0,0,0,0,1,0,0,0,0,0,0,0,0,0,0,0,0,0,0,0,0,0,0,0,0,0,0,0,0,0,0,0,0,0,0,0,0,0,0,0,0,0,0,0,0,0,0,0,0,0,0,0,0,0,0,0,0,0,0,0,0,0,0,0,0,0,0,0,0,0,0,0,0,0,0,0,0,0,0
0,0,0,0,0,0,0,0,0,0,0,0,0,0,0,0,0,0,0,0,0,0,0,0,0,0,0,0,0,0,0,0,0,0,0,0,0,0,0,0,0,0,0,0,0,0,0,0,0,0,0,0,0,0,0,0,0,0,0,0,0,0,0,0,0,0,0,0,0,0,0,0,0,0,0,0,0,0,0,0,0,0,0,0,0,0,0,0,0,0,0,0,0,0,0,0,0,0,0,0,0,0,0,0,0,0,0,0,0,0,0,0,0,0,0,0,0,0,0,0,0,0,0,0,0,0,0,0,0,0,0,0,0,0,0,0,0,0,0,0,0,0,0,0,0,0,0,0,0,0,0,0,0,0,0,0,0,0,0,0,0,0,0,0,0,0,0,0,0,0,0,0,0,0,0,0,0,0,0,0,0,0,0,0,0,0,0,0,0,0,0,0,0,0,0,0,0,0,0,0,0,0,0,0,0,0,0,0,0,0,0,0,0,0,0,0,0,0,0,0,0,0,0,0,0,0,0,0,0,0,0,0,0,0,0,0,0,0,0,0,0,0,0,0,0,0,0,0,0,0,0,0,0,0,0,0,0,0,0,0,0,0,0,0,0,0,0,0,0,0,0,0,0,0,0,0,0,0,0,0,0,0,0,0,0,0,0,0,0,0,0,0,0,0,0,0,0,0,0,0,0,0,0,0,0,0
0,0,0,0,0,0,0,0,0,0,0,0,0,0,0,0,0,0,0,0,0,0,0,0,0,0,0,0,0,0,0,0,0,0,0,0,0,0,0,0,0,0,0,0,0,0,0,0,0,0,0,0,0,0,0,0,0,0,0,0,0,0,0,0,0,0,0,0,0,0,0,0,0,0,0,0,0,0,0,0,0,0,0,0,0,0,0,0,0,0,0,0,0,0,0,0,0,0,0,0,0,0,0,0,0,0,0,0,0,0,0,0,0,0,0,0,0,0,0,0,0,0,0,0,0,0,0,0,0,0,0,0,0,0,0,0,0,0,0,0,0,0,0,0,0,0,0,0,0,0,0,0,0,0,0,0,0,0,0,0,0,0,0,0,0,0,0,0,0,0,0,0,0,0,0,0,0,0,0,0,0,0,0,0,0,0,0,0,0,0,0,0,0,0,0,0,0,0,0,0,0,0,0,0,0,0,0,0,0,0,0,0,0,0,0,0,0,0,0,0,0,0,0,0,0,0,0,0,0,0,0,0,0,0,0,0,0,0,0,0,0,0,0,0,0,0,0,0,0,0,0,0,0,0,0,0,0,0,0,0,0,0,0,0,0,0,0,0,0,0,0,0,0,0,0,0,0,0,0,0,0,0,0,0,0,0,0,0,0,0,0,0,0,0,0,0,0,0,0,0,0,0,0,0,0,0
0,0,0,0,0,0,0,0,0,0,0,0,0,0,0,0,0,0,0,0,0,0,0,0,0,0,0,0,0,0,0,0,0,1,0,0,0,0,0,0,0,0,0,0,0,0,0,0,0,0,0,0,0,0,0,0,0,0,0,0,0,0,0,0,0,0,0,0,0,0,0,0,0,0,0,0,0,0,0,0,0,0,0,0,0,0,0,0,0,0,0,0,0,0,0,0,0,0,0,0,0,0,0,0,0,0,0,0,0,0,0,0,0,0,0,0,0,0,0,0,0,0,0,0,0,0,0,0,0,0,0,0,0,0,0,0,0,0,0,0,0,0,0,0,0,0,0,0,0,0,0,0,0,0,0,0,0,0,0,0,0,0,0,0,0,0,0,0,0,0,0,0,0,0,0,0,0,0,0,0,0,0,0,0,0,0,0,0,0,0,0,0,0,0,0,0,0,0,0,0,0,0,0,0,0,0,0,0,0,0,0,0,0,0,0,0,0,0,0,0,0,0,0,0,0,0,0,0,0,0,0,0,0,0,0,0,0,0,0,0,0,0,0,0,0,0,0,0,0,0,0,0,0,0,0,0,0,0,0,0,0,0,0,0,0,0,0,0,0,0,0,0,0,0,0,0,0,0,0,0,0,0,0,0,0,0,0,0,0,0,0,0,0,0,0,0,0,0,0,0,0,0,0,0,0,0
0,0,0,0,0,0,0,0,1,0,0,0,0,0,0,0,0,0,0,0,0,0,0,0,0,0,0,0,0,0,0,0,0,0,0,0,0,0,0,0,0,0,0,0,0,0,0,0,0,0,1,0,0,0,0,0,0,0,0,0,0,0,0,0,0,0,0,0,0,0,0,0,0,0,0,0,0,1,0,0,0,0,0,0,0,0,0,0,0,0,0,0,0,0,0,0,0,0,0,0,0,0,0,0,0,0,0,0,0,0,0,0,0,0,0,0,0,0,0,0,0,0,0,0,0,0,0,0,0,0,0,0,0,0,0,0,0,0,0,0,0,0,0,0,0,0,0,0,0,0,0,0,0,0,0,0,0,0,0,0,0,0,1,0,0,0,0,0,0,0,0,0,0,0,0,0,0,0,0,0,0,0,0,0,0,0,0,0,0,0,0,0,0,0,0,0,0,0,0,0,0,0,0,0,0,0,0,0,0,0,0,0,0,0,0,0,0,0,0,0,0,0,0,0,0,0,0,0,0,0,0,0,0,0,0,0,0,0,0,1,0,0,0,0,0,0,0,0,0,0,0,0,0,0,0,0,0,0,0,0,0,0,0,0,0,0,0,0,0,0,0,0,0,0,0,0,0,0,0,0,0,0,0,0,0,0,0,0,0,0,0,0,0,0,0,0,0,0,1,0,0,0,0,0,0,0
0,0,0,0,1,0,0,0,0,0,0,0,0,0,0,0,1,1,0,0,0,0,0,0,0,0,0,0,0,1,0,0,0,0,1,0,0,1,2,0,0,0,0,0,0,0,0,0,0,0,0,0,0,0,1,0,0,0,0,0,0,0,0,0,0,0,0,0,0,0,0,0,0,0,0,2,2,0,0,0,0,0,0,0,0,0,0,0,0,1,0,0,0,0,0,0,0,0,0,0,0,0,0,0,1,0,0,0,0,0,1,0,0,0,0,1,0,0,0,0,0,0,1,0,0,0,0,2,1,0,0,0,0,0,0,0,0,0,0,0,0,0,0,0,0,0,0,0,0,0,0,0,0,0,0,0,0,3,0,0,0,0,0,0,0,0,0,0,1,0,0,0,0,0,0,0,0,0,0,0,0,0,0,0,3,0,1,0,0,1,0,0,0,0,1,0,0,1,0,0,0,1,0,0,0,0,0,0,1,0,0,0,0,0,0,0,0,0,0,0,0,0,0,0,0,0,0,0,0,0,0,0,0,0,0,1,0,0,0,0,0,0,0,0,0,0,0,0,0,0,0,0,0,0,0,0,1,0,0,0,0,0,0,0,0,0,0,0,0,0,1,1,0,0,0,0,1,1,0,0,0,1,0,0,0,0,0,0,0,0,0,0,0,1,0,0,0,0,0,2,0,0,0,0,0,0
0,0,1,0,1,0,0,7,5,0,0,0,3,0,0,0,6,16,1,0,0,1,1,0,0,1,1,0,0,12,1,1,0,0,5,1,0,1,8,0,2,0,0,4,1,0,4,1,1,1,0,0,0,5,1,0,1,0,0,0,4,1,2,0,0,0,9,0,0,0,2,0,0,0,0,2,5,0,0,1,0,0,1,0,1,1,0,0,2,5,2,1,0,1,2,0,0,0,0,0,1,1,0,0,0,4,0,11,1,1,4,1,4,0,1,11,0,1,0,2,4,1,0,1,3,1,2,5,1,2,0,0,3,3,2,0,1,1,0,8,0,1,0,0,3,0,0,1,1,0,0,0,1,0,0,1,0,3,0,0,0,0,4,1,0,0,0,0,8,0,0,0,0,0,0,0,1,1,0,2,0,0,0,0,3,0,2,1,0,0,0,4,0,0,1,0,0,2,0,1,0,0,0,0,0,1,0,1,1,0,0,0,0,6,0,0,0,0,0,2,2,5,1,0,0,1,1,0,0,0,1,0,2,0,0,1,0,2,0,12,1,0,0,0,1,0,6,1,0,0,0,0,1,3,1,0,2,1,1,1,1,0,0,0,0,0,1,2,2,0,0,5,0,1,0,1,2,3,15,1,0,0,2,1,1,1,0,0,0,2,1,1,0,4,0,4,3,0,2,15,0,0,1,0,1,1
0,2,4,1,3,1,2,13,39,1,4,4,4,0,7,7,11,78,5,0,0,2,4,2,1,2,8,4,3,43,2,7,9,0,22,7,7,5,22,0,8,0,1,9,2,2,4,1,10,3,8,0,4,6,4,1,2,1,1,2,9,0,9,16,3,3,39,9,1,5,8,1,1,9,2,18,31,0,0,4,1,2,1,2,5,3,3,3,4,27,6,6,2,3,7,2,0,2,1,2,3,0,6,0,0,26,1,35,2,0,15,3,28,4,1,35,2,1,1,6,14,0,12,0,18,2,6,25,4,0,3,3,14,15,2,1,8,3,2,31,4,13,6,3,29,1,2,18,5,2,3,2,9,3,11,1,0,18,0,1,6,4,15,10,3,3,6,3,20,0,4,3,1,0,0,1,3,1,3,5,2,4,0,8,13,2,12,3,2,1,1,8,1,2,30,0,2,11,0,8,3,10,5,0,1,2,2,1,2,2,0,1,18,16,1,2,5,1,3,10,8,7,5,2,1,3,3,2,2,1,8,1,2,2,1,4,3,5,5,32,3,1,1,0,2,0,11,2,4,3,4,7,2,11,2,1,13,4,1,1,2,9,2,1,1,1,6,5,0,0,23,4,1,1,3,6,20,24,29,0,1,3,1,2,6,5,0,1,0,9,4,1,2,4,3,4,7,1,1,25,2,1,4,0,7,2
2,10,8,5,9,5,4,35,86,19,13,29,14,3,10,14,35,196,5,9,8,3,14,4,12,7,29,8,3,91,14,16,17,8,49,14,18,3,42,6,19,14,4,37,10,6,11,12,19,12,14,10,6,36,21,4,3,3,7,8,29,6,53,47,4,8,77,12,4,8,33,5,7,12,4,53,64,2,4,5,13,4,11,14,17,6,7,5,17,66,20,13,14,4,17,4,4,5,6,17,9,12,4,11,3,40,6,88,8,7,39,3,56,16,13,77,7,5,1,7,50,11,22,3,60,8,6,37,7,3,9,2,28,25,9,7,11,34,9,60,8,43,24,8,52,15,3,62,29,12,4,4,35,14,24,3,3,33,1,5,10,26,16,13,4,5,18,9,68,0,12,6,9,6,3,7,25,11,11,2,7,19,2,9,11,7,22,7,7,6,5,13,11,12,52,11,7,25,4,26,2,32,13,1,2,16,7,10,6,3,1,1,56,50,4,3,24,1,10,36,21,14,36,3,5,10,16,1,6,5,22,4,9,6,1,17,8,12,22,41,13,12,12,9,8,3,38,11,11,7,4,36,3,21,7,8,25,9,9,6,8,12,4,3,11,15,12,3,9,0,33,13,8,7,17,27,54,44,36,10,8,12,9,5,14,9,2,9,1,21,6,3,22,29,4,16,35,6,12,59,5,3,12,6,11,9
2,12,21,8,26,13,6,41,105,38,10,30,20,8,19,17,50,248,3,9,12,4,45,4,27,14,68,18,5,127,13,21,43,5,59,17,14,15,58,15,25,22,7,44,21,29,13,13,35,14,25,27,20,59,50,13,16,14,19,8,38,7,99,52,13,10,116,24,9,19,58,12,29,24,19,55,84,12,4,12,22,6,25,24,27,9,11,6,20,89,40,26,14,8,14,8,12,11,10,43,18,19,12,19,12,55,13,109,17,10,41,6,78,19,20,79,13,14,1,15,58,6,42,15,67,8,14,43,11,6,19,8,44,34,19,13,17,49,13,58,12,80,40,11,72,24,2,139,42,16,6,9,70,18,36,10,5,49,3,10,27,30,44,17,22,18,44,16,76,5,17,4,10,15,6,7,33,6,16,11,18,37,1,32,16,9,42,11,13,12,17,11,13,29,83,15,8,43,3,35,2,29,10,4,5,39,6,13,9,9,1,5,68,76,16,6,61,6,19,78,11,16,48,6,7,16,35,1,4,7,32,8,11,8,10,17,21,24,42,62,19,25,23,12,9,1,53,13,20,18,14,71,9,42,28,33,36,14,13,3,9,17,10,18,23,12,25,8,5,2,59,25,6,7,31,65,68,50,45,33,21,23,17,15,19,23,4,20,4,49,16,7,31,53,16,23,75,8,23,45,6,5,14,8,13,16
7,12,12,9,15,18,7,20,85,29,17,29,17,11,14,26,33,212,7,14,22,5,73,7,31,11,67,19,16,79,18,27,46,7,58,26,16,12,72,7,49,19,19,27,8,21,13,10,45,18,22,37,22,78,58,16,10,24,22,12,40,13,87,57,10,14,81,24,14,26,63,10,28,22,9,50,97,14,7,15,20,5,31,27,38,8,15,3,22,85,49,11,10,12,17,12,11,9,11,38,22,25,11,18,11,46,16,68,31,14,24,4,41,15,19,69,11,10,3,23,64,12,38,23,65,9,15,43,9,10,20,7,22,15,18,16,27,50,35,47,13,121,36,16,43,19,5,118,34,12,9,13,80,8,33,3,2,34,3,8,22,40,33,18,25,18,37,22,57,8,23,7,16,11,7,6,43,12,20,11,13,40,3,46,15,7,62,17,11,12,11,17,12,36,49,17,6,17,3,33,5,35,10,6,5,59,11,13,14,13,3,3,49,64,14,14,55,6,24,108,21,23,61,6,13,19,21,2,6,7,24,5,19,16,6,15,16,31,23,34,14,30,37,13,7,17,53,15,24,27,21,72,12,31,14,34,45,11,10,5,17,28,21,24,24,17,33,7,8,8,38,37,8,9,17,59,69,48,38,41,13,25,21,15,11,26,3,24,2,59,18,8,68,45,16,22,81,11,27,51,7,15,20,14,16,23
10,8,13,9,20,10,15,21,56,24,15,31,18,10,12,15,29,147,11,17,19,8,50,4,36,10,76,21,10,50,9,19,45,12,40,16,5,14,50,9,30,18,18,24,9,10,17,10,30,10,18,19,21,68,53,9,10,12,13,5,23,15,98,39,11,14,59,21,14,14,36,10,26,35,14,38,49,6,7,8,21,11,45,32,39,9,17,7,10,55,30,10,11,6,14,7,15,4,11,39,14,25,13,9,0,24,20,49,16,14,19,13,24,7,32,42,3,19,1,15,31,7,26,20,51,10,16,31,12,8,21,11,14,16,22,20,21,38,22,35,8,125,39,16,35,19,4,92,27,26,2,9,50,9,23,1,5,26,4,9,38,25,41,10,25,9,30,19,32,5,11,6,16,5,24,6,25,15,18,14,5,28,4,40,12,7,40,13,10,11,15,24,15,22,41,15,12,29,2,18,5,31,5,7,7,52,5,8,14,24,2,7,34,44,10,8,50,5,12,89,33,13,36,7,6,17,21,3,4,10,20,7,22,12,9,13,22,24,23,23,11,23,34,22,8,18,57,12,21,41,20,48,18,22,19,21,40,5,18,7,13,17,17,24,22,12,21,6,12,4,11,41,7,10,18,46,45,20,18,37,16,25,23,20,9,30,0,19,5,56,19,8,57,51,14,26,68,16,30,22,12,17,19,17,17,20
11,3,7,6,22,15,11,8,29,28,4,24,12,6,14,10,11,100,6,12,16,10,34,2,44,10,67,14,18,37,7,14,31,8,27,13,6,19,43,3,21,16,11,10,7,7,15,8,30,9,15,16,17,58,48,7,14,11,12,7,23,6,77,19,7,9,34,10,11,15,21,9,30,23,8,25,26,3,11,12,7,6,45,23,30,4,17,1,11,26,13,5,7,3,6,8,10,7,13,37,16,25,2,8,5,14,7,18,9,8,15,10,10,3,15,25,5,17,0,11,16,15,12,13,18,17,10,14,19,8,21,16,12,6,24,26,15,32,19,18,7,101,29,18,20,12,6,47,19,13,3,4,45,4,17,0,2,12,1,13,17,26,15,8,15,5,27,13,16,6,16,4,10,3,14,7,36,17,23,15,4,41,2,35,12,6,19,10,1,10,9,16,8,22,14,13,4,22,7,9,8,19,12,11,3,31,12,7,11,15,2,5,34,25,13,6,31,4,10,82,25,11,30,9,12,17,22,0,3,9,7,10,10,7,9,10,24,19,16,13,11,11,34,11,8,4,41,7,25,27,12,31,13,17,10,16,17,3,7,3,11,24,21,20,24,16,12,6,7,3,10,28,7,7,14,25,34,17,14,37,11,7,23,11,12,15,4,13,5,44,21,14,53,34,18,14,40,8,14,34,12,13,9,7,22,29
2,8,8,3,19,15,2,10,22,30,6,15,9,3,5,16,14,69,7,12,15,6,34,3,13,4,51,9,12,17,7,14,22,7,31,14,6,14,31,5,19,9,7,1,5,14,15,9,14,10,9,7,9,58,36,7,7,11,11,5,13,4,62,18,4,5,27,6,8,6,24,5,25,22,10,18,19,6,5,15,2,7,30,12,17,9,12,5,3,12,7,2,12,0,4,8,11,2,8,21,9,14,4,4,1,6,3,13,4,5,8,7,13,1,15,26,1,14,0,11,17,21,13,5,11,16,11,14,7,4,11,9,5,6,21,29,13,32,15,12,7,72,23,14,14,4,2,31,13,8,3,3,32,5,10,4,1,9,2,6,13,17,10,7,15,2,15,11,11,0,20,2,7,1,13,7,23,27,27,2,3,35,4,26,14,5,15,4,9,8,10,4,17,14,16,12,6,9,0,4,8,11,10,10,10,23,9,2,3,4,1,3,19,20,12,7,15,9,2,53,29,6,18,1,3,6,16,2,7,5,17,9,10,7,5,3,22,12,13,13,3,7,28,13,9,5,34,25,24,19,10,28,10,7,8,21,23,2,4,3,15,14,9,7,9,5,4,9,7,1,2,23,1,6,10,19,30,15,11,18,6,8,16,7,9,12,1,8,0,41,10,11,42,50,11,8,29,6,15,14,7,7,13,12,10,20
4,5,8,6,11,11,4,2,10,17,3,12,2,2,3,15,8,50,8,5,11,8,14,3,4,1,37,3,8,10,3,17,9,11,17,6,1,3,23,5,13,3,4,2,4,5,18,1,22,13,4,6,11,46,20,11,10,10,9,1,15,0,57,14,6,6,24,5,10,3,12,5,26,4,10,11,10,3,3,4,8,2,27,6,13,11,8,6,3,6,7,1,3,1,10,7,8,2,5,14,8,12,2,6,3,3,11,9,5,0,1,6,6,3,11,12,1,7,0,6,12,21,4,3,5,4,12,3,15,4,12,8,5,3,8,19,8,20,9,6,6,48,26,7,12,8,1,22,9,11,0,0,29,0,12,0,1,4,1,5,18,13,7,4,9,4,14,7,7,1,12,2,11,0,8,6,27,10,18,2,0,18,3,10,10,3,12,2,8,11,10,3,11,8,6,8,3,7,3,7,6,8,2,6,6,19,9,1,5,4,1,2,13,21,6,5,14,6,7,41,23,6,17,6,5,7,9,1,8,4,9,5,10,8,2,5,9,10,9,5,3,5,10,14,4,5,19,10,14,9,3,15,8,7,7,8,24,2,13,1,7,4,12,2,10,4,6,4,4,0,4,10,5,7,2,18,16,12,4,19,4,3,10,9,8,4,1,9,1,27,11,9,23,29,16,6,21,6,10,12,2,5,1,16,6,19
2,1,5,7,3,11,1,2,8,13,1,6,2,8,2,12,6,34,8,4,9,4,17,1,4,3,22,6,5,6,3,6,7,8,13,7,0,3,18,6,9,2,4,3,4,13,10,5,13,5,11,3,3,28,28,3,7,4,6,2,3,1,47,10,3,3,9,4,9,5,15,6,22,3,9,11,7,1,3,1,1,1,16,3,14,2,4,1,1,8,5,2,3,0,3,12,9,2,8,10,10,9,2,2,1,1,5,6,8,1,1,0,6,1,20,6,1,6,2,4,2,14,5,3,6,6,10,2,13,4,2,9,3,0,8,20,6,10,6,7,3,28,16,8,2,5,0,16,10,3,2,2,19,2,12,5,2,5,0,4,10,9,2,11,5,6,22,11,2,1,8,0,8,0,8,2,30,13,8,3,4,20,1,7,15,2,9,2,4,8,5,0,15,7,12,15,5,2,0,2,1,11,7,3,8,15,3,3,6,1,5,0,8,12,2,7,11,3,2,41,21,2,9,1,2,5,8,0,9,4,1,3,12,3,3,4,26,12,15,9,4,3,4,5,5,2,21,14,20,8,3,9,5,5,7,9,11,3,8,2,7,13,9,3,7,1,6,8,1,1,1,11,4,3,2,24,15,7,4,14,7,5,4,9,7,4,0,3,2,20,2,6,24,21,5,2,23,0,6,11,1,5,1,6,8,13
0,1,2,5,7,8,1,3,4,16,1,5,5,6,2,13,9,20,4,5,9,2,13,3,5,3,23,8,7,5,2,6,4,4,8,5,2,4,9,0,16,5,5,1,2,2,1,2,13,8,8,7,1,25,17,8,1,5,6,4,5,4,42,3,1,5,6,1,0,3,8,3,11,2,7,8,5,1,0,2,2,2,26,3,12,2,2,1,7,1,0,1,5,0,1,5,14,1,4,6,4,2,0,5,3,3,2,5,7,1,2,3,2,1,7,5,0,7,0,5,5,6,1,6,2,1,5,5,12,4,3,6,2,1,3,15,1,13,6,5,0,27,11,3,3,4,0,7,8,4,1,2,13,1,8,0,7,3,1,6,2,6,3,2,3,2,14,10,1,0,9,0,3,1,10,3,20,10,7,4,3,11,2,4,6,2,11,0,2,8,3,2,10,6,3,11,4,2,1,2,4,13,5,3,2,16,6,4,7,3,5,3,8,14,1,4,9,1,2,21,19,1,3,5,1,3,9,0,2,4,3,3,5,9,5,2,6,8,8,0,4,2,6,7,4,2,16,17,11,2,0,11,4,5,7,7,12,3,1,0,5,10,4,0,4,4,5,8,2,0,2,18,10,3,6,16,12,0,1,6,4,2,5,8,8,3,0,4,2,18,5,2,7,16,3,1,16,7,5,7,3,1,3,11,1,5
0,3,3,4,3,9,4,0,0,10,1,7,5,2,2,8,6,16,6,1,7,1,12,1,4,2,17,2,3,4,4,2,3,1,2,5,0,1,5,1,17,2,1,2,1,8,3,5,13,6,5,1,0,16,19,3,1,5,2,3,4,1,35,8,2,1,6,3,4,3,8,6,16,2,9,3,3,1,1,1,0,1,22,2,3,1,2,1,4,3,1,3,2,0,4,2,17,0,3,2,2,0,0,1,2,2,5,0,11,1,1,2,1,1,9,5,3,4,0,1,2,6,1,1,3,5,7,3,13,1,1,4,0,2,3,19,1,13,2,2,0,16,11,3,4,3,3,1,4,4,0,0,8,1,4,0,1,3,0,6,0,4,2,2,1,2,9,5,4,0,5,0,5,2,3,1,18,11,1,3,1,14,1,7,4,5,6,2,3,3,3,3,5,3,3,6,0,3,1,1,1,8,3,1,1,22,0,3,1,3,1,0,2,6,2,3,4,0,2,9,9,2,4,1,3,2,4,0,1,6,3,2,0,5,4,3,2,6,6,4,1,2,2,5,1,0,13,8,11,1,2,4,3,4,3,7,16,4,4,0,1,9,3,0,4,0,4,2,1,1,2,13,5,1,1,20,8,7,1,3,8,0,4,4,1,1,0,1,1,15,1,2,5,12,2,2,9,1,2,6,4,2,4,8,1,2
0,0,3,3,3,8,3,2,1,8,0,2,4,7,1,2,2,14,3,2,5,2,4,1,4,0,13,3,1,5,1,3,4,1,3,3,0,4,6,3,10,2,1,0,3,5,1,4,11,5,3,0,1,25,10,1,0,7,0,0,0,0,20,3,0,0,4,0,1,3,7,2,13,3,8,7,4,0,2,2,1,2,13,3,3,0,4,0,3,1,3,0,7,1,0,1,5,0,6,4,0,0,0,3,3,0,1,2,5,3,1,0,1,0,13,2,2,2,0,2,0,2,0,7,0,4,1,4,1,5,1,1,0,0,1,11,1,8,2,2,1,10,12,1,4,0,1,6,5,2,0,0,9,4,3,0,0,1,1,2,1,3,2,1,1,2,8,3,1,0,2,0,0,1,4,0,16,7,1,2,2,6,1,4,2,1,5,1,3,5,2,0,5,4,1,5,1,3,0,0,3,4,2,1,1,13,2,1,1,1,1,1,2,7,1,2,5,2,3,3,14,1,3,0,2,3,3,0,3,3,2,1,2,4,0,3,0,1,2,1,0,3,4,1,2,0,7,4,2,3,0,2,0,2,5,1,10,1,0,1,1,5,1,2,5,1,2,2,0,0,1,4,7,0,0,7,3,2,2,5,1,3,1,3,2,1,0,2,0,17,2,0,7,10,0,0,10,1,3,4,0,4,4,7,2,3
0,1,4,1,0,12,0,1,2,4,1,3,2,2,0,2,5,5,0,1,4,0,1,0,2,3,7,0,0,1,0,4,5,0,4,1,0,1,2,3,3,1,0,0,2,4,0,3,9,1,1,1,0,14,14,2,0,5,1,3,1,0,6,2,0,0,2,0,3,3,9,1,9,1,7,4,1,0,0,0,1,1,6,2,2,2,0,1,3,2,1,1,6,0,0,1,3,2,2,1,2,0,0,2,2,0,2,0,5,6,0,0,1,0,10,4,0,2,0,0,0,0,1,3,3,2,2,0,4,0,2,0,2,1,0,9,1,3,2,1,1,8,10,2,1,0,0,6,5,2,1,2,4,2,3,0,0,0,0,2,2,2,1,1,2,1,2,6,1,0,1,0,0,0,0,2,3,2,1,3,2,2,1,3,6,6,2,0,1,2,0,0,4,1,0,4,2,3,0,1,0,10,2,0,1,7,1,3,3,3,0,0,4,6,2,0,4,1,1,5,9,0,2,1,1,3,1,0,1,1,1,0,2,2,1,2,2,1,5,0,1,1,1,3,3,0,0,3,7,0,0,0,2,0,1,2,13,3,2,0,2,4,3,0,0,0,3,2,0,0,0,5,2,0,1,3,4,2,1,5,0,2,1,2,1,0,0,1,0,15,3,1,5,4,0,1,6,2,0,4,0,0,1,2,1,1
0,1,5,0,0,12,0,1,0,7,0,5,1,3,0,6,2,6,5,1,3,0,1,1,0,1,10,1,0,2,0,5,4,1,1,1,0,1,5,0,4,0,0,0,0,4,2,7,1,2,3,0,0,17,12,0,0,0,0,2,1,0,10,1,0,0,3,2,2,2,5,2,11,0,7,4,1,0,2,0,1,1,7,1,1,0,0,1,1,1,0,0,3,0,0,1,8,0,2,1,1,0,0,2,2,1,1,1,0,1,1,0,1,3,6,0,0,0,0,0,1,2,0,1,2,9,1,4,1,0,0,0,0,1,3,2,0,1,1,0,0,8,5,1,0,3,0,5,0,1,0,1,7,4,1,0,0,1,0,0,0,1,0,0,1,0,2,2,2,0,2,0,0,0,0,0,5,4,2,4,0,2,0,3,11,2,4,2,1,2,1,0,3,0,2,1,1,2,3,2,1,3,1,0,2,5,0,1,3,0,1,1,3,2,1,1,3,0,0,3,4,0,2,1,0,0,0,0,0,3,0,0,1,2,1,2,1,2,5,1,3,1,1,3,4,2,3,7,5,0,0,1,1,1,2,0,9,2,1,0,1,3,0,0,3,0,5,1,0,0,2,5,4,0,0,5,4,0,0,0,1,1,3,1,2,0,1,3,0,11,0,0,5,3,1,0,5,1,0,4,0,0,2,1,1,4
0,1,0,1,0,10,0,0,1,4,1,5,0,0,0,6,0,4,2,0,0,1,2,0,2,0,5,2,1,1,3,1,1,0,2,0,1,0,2,1,2,1,0,0,0,1,2,3,5,3,2,0,0,8,6,0,0,0,1,0,1,0,6,0,2,0,1,1,0,2,3,1,7,0,3,1,1,0,0,0,0,1,4,2,1,1,0,0,2,2,1,0,4,0,0,0,6,1,3,1,1,0,0,3,0,2,0,0,0,0,0,0,2,0,6,1,0,0,1,1,0,2,2,2,1,0,2,1,1,4,2,1,0,1,0,4,0,2,0,0,1,4,8,2,1,2,0,3,2,1,0,0,9,0,1,0,0,1,0,0,0,1,2,0,0,0,0,2,0,0,0,1,0,0,0,0,5,4,2,1,1,3,1,4,5,0,2,0,1,0,0,1,0,0,0,0,0,0,1,2,1,2,3,0,0,7,1,2,1,0,0,0,3,2,0,0,4,1,2,1,4,0,1,0,0,0,0,0,1,1,0,1,0,0,0,2,1,0,7,0,1,1,1,2,3,0,4,3,3,2,0,0,0,1,2,1,5,1,0,0,1,0,1,0,4,0,0,1,0,0,0,2,1,0,0,4,3,0,1,2,0,2,1,4,1,0,0,1,0,5,1,3,2,1,1,1,4,1,1,1,1,2,1,1,0,0
0,1,0,0,1,3,0,0,0,2,2,1,0,1,1,6,1,3,0,1,3,0,4,0,0,0,3,1,1,1,1,1,0,1,1,0,0,1,9,1,2,2,0,1,1,2,1,4,4,1,2,0,2,4,8,0,0,1,0,0,1,0,0,0,0,0,1,2,0,5,0,0,4,0,5,1,2,0,0,1,0,2,5,1,0,0,0,1,1,1,0,0,2,0,0,1,7,0,1,0,0,1,0,3,0,0,1,1,1,0,0,3,1,0,0,1,0,0,0,1,0,0,0,1,1,2,1,3,2,0,0,0,0,0,0,3,0,2,0,1,1,3,6,0,0,1,0,1,1,0,0,0,6,0,0,0,0,1,0,0,2,0,0,0,1,1,1,2,1,0,1,0,1,0,0,0,2,1,1,0,1,2,0,0,3,0,0,0,0,3,0,0,0,0,0,1,1,0,0,0,0,3,3,1,0,4,0,0,0,0,0,0,1,1,1,1,1,0,1,5,4,2,1,0,0,1,1,0,0,0,0,1,1,1,0,2,2,0,4,1,3,3,0,0,2,0,1,1,3,0,0,1,0,0,0,0,6,2,0,0,1,0,0,0,6,0,3,1,0,0,0,3,1,0,2,3,0,0,0,0,3,2,0,3,1,0,1,1,0,6,0,0,1,2,0,0,3,1,1,1,1,0,0,1,1,2
0,2,1,0,2,6,0,1,1,0,0,4,0,1,0,1,6,3,0,2,1,0,0,0,1,0,1,1,0,0,0,1,3,0,2,0,1,2,1,0,0,1,0,1,1,4,0,1,3,3,0,1,0,5,3,0,0,1,0,0,0,0,0,0,0,1,1,0,0,1,1,0,3,0,1,1,0,0,0,0,1,0,0,1,0,2,0,1,0,0,0,0,0,0,0,0,5,0,2,1,1,0,0,3,0,0,0,1,0,0,0,1,0,0,3,0,1,1,0,1,1,1,1,4,0,1,0,1,0,0,0,1,0,0,0,1,0,6,1,0,0,4,5,2,0,1,1,0,2,0,0,1,1,1,0,0,0,0,2,1,0,0,0,0,0,0,0,1,0,0,1,0,1,0,0,0,5,0,0,0,0,1,0,0,1,0,1,0,2,1,0,0,2,0,0,0,0,0,0,1,0,4,1,0,1,2,0,0,0,1,0,0,2,1,1,0,5,0,0,1,2,1,1,0,0,0,0,0,0,0,0,0,0,0,0,0,0,0,2,0,1,3,2,0,0,0,3,1,0,0,0,1,0,0,2,0,2,0,1,0,0,1,0,0,1,1,1,1,0,0,0,1,4,0,0,1,2,1,0,0,0,1,0,2,0,0,0,0,0,2,0,1,2,1,1,1,2,1,1,1,0,0,1,0,0,0
0,0,0,0,1,5,0,0,1,1,0,1,0,1,0,2,0,3,1,0,2,0,0,0,0,0,3,1,0,2,1,2,0,0,1,0,0,0,4,0,0,1,0,0,0,6,2,0,0,0,1,0,0,2,4,0,0,1,1,0,0,0,1,1,1,0,0,1,0,1,3,1,1,0,2,0,2,0,0,0,0,1,2,0,0,0,0,0,0,1,0,0,1,0,0,0,1,0,0,0,0,0,0,2,0,0,0,2,0,2,0,1,0,0,2,1,0,0,0,0,1,1,0,1,0,0,2,1,0,0,0,1,1,0,0,1,0,2,0,0,1,2,3,0,1,0,0,4,0,0,0,0,3,0,2,1,0,0,0,0,0,1,0,0,0,0,1,1,1,0,1,0,0,1,1,0,5,0,0,0,1,1,0,0,2,0,0,1,1,0,1,0,1,1,0,0,0,0,0,1,1,1,0,0,1,6,0,0,1,0,0,0,1,2,0,0,1,0,1,1,1,0,0,0,0,0,1,0,1,0,0,0,0,1,0,0,0,1,1,1,0,1,1,0,0,0,5,1,1,1,0,0,0,0,0,0,1,2,0,0,0,0,2,0,6,0,0,0,0,0,0,3,0,0,1,1,1,0,1,0,0,0,0,1,0,1,0,1,0,3,0,1,3,1,0,0,0,0,0,0,0,0,0,0,0,1
0,3,0,0,0,3,0,0,1,1,0,0,0,0,0,2,4,4,0,1,0,0,1,0,1,0,2,0,0,0,0,0,1,0,0,1,0,0,0,0,1,1,0,0,0,2,1,0,1,0,0,0,0,1,1,1,0,0,1,0,0,0,1,1,0,0,0,0,0,1,3,0,0,1,1,1,0,0,0,0,0,1,2,1,0,0,0,0,0,0,0,0,0,0,0,0,1,0,0,0,1,0,1,2,0,0,1,0,0,0,1,0,0,1,2,1,0,0,0,1,0,0,0,0,0,0,0,0,1,2,0,1,0,0,0,0,0,2,0,0,0,1,5,1,0,0,0,1,1,0,1,0,1,2,3,0,0,0,0,0,1,0,2,0,0,1,0,1,1,0,0,0,0,0,0,0,0,0,0,2,0,0,0,0,1,0,2,0,0,0,0,0,0,0,0,0,0,0,0,0,0,1,1,0,1,1,0,0,0,0,0,0,0,1,0,0,0,1,3,0,0,0,0,0,0,1,0,0,0,0,0,0,1,0,1,0,0,1,1,1,0,2,1,0,1,1,5,2,0,0,0,0,0,0,0,0,2,1,0,0,0,1,1,0,3,0,0,0,0,0,0,1,0,0,0,4,1,0,0,0,0,0,0,0,1,0,0,0,0,1,0,0,0,0,1,0,4,0,0,0,1,0,0,1,0,2
0,2,0,0,0,1,0,0,0,0,0,0,0,2,0,1,1,4,0,1,1,0,3,0,0,0,3,0,0,0,0,0,0,0,0,0,0,1,2,2,0,2,0,0,0,1,2,0,0,0,0,0,0,2,0,0,0,0,0,1,1,0,0,1,1,0,0,0,0,0,0,0,1,0,0,0,0,0,0,0,0,0,0,0,0,3,0,1,0,0,0,0,1,0,0,0,1,0,0,0,0,0,1,0,0,0,0,2,1,0,0,1,1,0,0,1,0,0,0,0,0,0,0,1,0,0,0,1,1,0,1,1,0,0,0,0,1,3,0,0,0,0,1,1,0,0,0,1,1,1,0,0,1,0,1,0,0,1,0,0,0,0,0,0,0,0,1,0,0,0,0,0,0,0,1,1,0,0,0,0,0,1,0,0,0,0,3,0,0,1,0,0,2,1,0,0,0,0,0,0,0,1,0,0,0,1,0,0,0,0,0,0,1,1,0,0,2,0,2,1,0,0,0,0,0,1,0,0,0,0,0,0,0,0,0,0,0,0,1,0,0,1,0,0,0,0,3,0,1,0,0,0,0,1,0,0,4,0,0,0,0,0,0,0,2,0,0,0,0,0,0,1,2,0,0,1,2,0,0,1,0,0,0,2,0,0,0,0,0,4,0,0,0,0,0,0,0,0,0,0,0,0,0,0,0,0
0,4,0,1,0,2,0,0,1,0,1,0,0,0,0,1,3,1,0,0,1,0,0,0,0,0,0,0,0,0,0,1,1,0,1,0,1,1,2,0,1,1,0,0,0,0,2,0,1,0,0,1,0,0,0,0,0,2,0,0,1,0,1,1,0,0,0,1,1,2,1,1,0,0,0,1,2,0,1,0,0,0,2,0,0,1,0,0,0,0,0,0,0,0,0,0,2,0,1,0,0,0,0,1,0,1,1,1,0,0,0,0,0,0,0,0,0,1,0,0,0,1,0,1,0,0,1,1,3,0,0,0,0,0,0,1,0,1,0,0,0,3,2,0,0,1,0,2,0,1,0,0,1,0,0,1,0,0,0,0,0,0,0,0,0,0,0,0,1,0,0,0,0,0,0,0,0,0,0,2,0,0,0,1,0,0,3,1,0,2,0,1,0,0,1,0,0,0,0,0,0,0,0,0,1,2,0,0,1,1,0,0,0,0,0,0,1,0,0,1,0,1,0,2,0,0,0,0,0,1,0,0,0,0,0,1,0,1,0,2,0,1,1,0,0,0,4,2,1,0,0,0,0,0,1,1,2,0,0,0,0,1,0,0,3,0,0,1,0,0,0,1,0,1,0,0,1,0,0,0,0,1,0,1,0,0,0,0,0,1,1,0,1,0,0,1,0,0,1,1,0,0,0,2,0,0
0,0,0,0,0,1,0,0,0,0,2,1,0,0,0,1,0,1,0,6,0,0,0,0,0,0,5,0,1,0,0,1,0,0,0,0,0,0,0,0,1,2,0,0,0,1,2,0,0,1,0,1,0,0,0,0,0,0,0,2,0,0,0,0,0,0,0,0,1,0,0,3,0,0,1,0,0,0,0,0,0,0,0,0,0,1,0,1,0,0,0,0,0,0,0,0,0,0,0,0,0,1,0,0,0,0,0,2,0,0,0,0,0,0,1,0,0,0,0,0,0,1,2,1,1,1,0,0,1,1,0,0,0,0,0,0,0,3,0,0,0,1,2,0,0,0,0,1,0,1,0,0,2,0,0,0,0,0,0,0,0,0,0,0,1,0,2,0,0,0,0,0,0,0,0,0,1,0,1,0,0,0,0,0,1,0,0,0,1,1,0,1,0,0,0,0,0,0,0,0,0,1,0,0,0,0,0,0,0,0,0,0,0,1,0,1,0,0,0,4,0,0,0,0,0,0,0,0,0,1,0,0,0,0,0,0,0,0,1,0,0,1,0,0,0,0,2,0,0,0,0,1,0,0,0,1,5,0,0,0,0,0,0,0,0,0,0,0,0,0,1,0,1,0,0,0,2,0,0,0,0,0,0,1,0,0,1,0,0,0,0,1,0,0,0,0,3,0,0,2,0,0,0,0,0,0
0,1,0,0,0,1,0,0,1,1,0,0,0,0,0,2,0,3,0,2,0,0,2,0,0,0,2,0,0,0,0,0,0,0,0,0,0,0,0,0,0,0,0,0,0,0,1,0,1,0,0,0,0,1,2,0,0,0,0,0,0,0,1,0,0,0,0,0,1,0,1,0,0,0,0,0,0,0,0,0,0,0,0,0,0,0,0,0,0,0,0,0,0,0,0,0,0,0,0,0,1,0,0,1,0,0,0,0,0,1,0,0,0,1,2,0,0,0,0,0,0,0,0,1,0,0,0,0,0,0,0,0,0,0,0,0,0,3,1,0,0,1,2,0,0,0,0,1,0,0,0,0,0,0,0,0,1,0,0,0,0,0,0,0,0,0,0,0,0,0,0,0,0,0,0,0,1,0,0,1,0,1,0,0,0,0,3,0,0,1,0,0,0,0,0,0,0,1,0,1,0,5,0,0,0,0,0,0,0,0,0,0,0,1,0,0,0,0,1,0,0,0,0,0,0,0,1,0,0,0,0,0,0,0,0,0,0,0,1,1,0,1,0,0,0,0,3,0,0,0,0,0,0,0,1,3,7,0,0,0,0,0,0,0,0,0,0,1,0,0,0,1,0,0,1,4,0,0,0,1,0,0,0,2,0,1,0,0,0,0,0,1,0,0,0,0,1,1,0,2,0,1,1,0,0,0
0,0,0,0,0,1,0,0,0,1,0,0,0,1,0,0,0,0,0,0,0,0,1,0,0,0,2,0,0,0,0,0,1,0,0,0,0,0,0,0,0,0,0,0,0,0,1,0,0,0,0,0,0,1,1,0,0,0,0,0,0,0,1,1,0,0,0,1,0,0,2,0,0,0,0,1,0,0,0,0,0,1,0,0,0,1,0,0,1,0,0,0,0,0,1,0,1,0,0,1,0,0,1,2,0,1,0,0,0,0,0,0,0,0,0,1,0,0,1,0,1,0,0,1,0,1,0,1,0,0,0,1,0,0,0,0,0,3,0,0,0,0,4,0,0,0,0,1,0,0,0,0,1,0,1,2,0,0,0,0,0,0,0,0,0,0,1,0,0,0,0,0,0,0,0,0,2,0,0,0,0,0,0,1,0,0,0,0,0,0,1,0,0,0,0,0,0,0,0,0,0,0,0,0,0,0,0,0,0,0,0,0,2,1,0,0,0,0,1,2,0,0,0,0,1,1,0,0,0,1,0,0,1,0,0,0,0,0,0,0,0,0,0,0,0,0,1,0,0,0,0,0,0,0,0,0,5,0,0,0,0,0,0,0,0,0,0,0,0,0,0,0,0,0,0,2,0,0,0,0,0,1,0,0,0,0,1,0,0,0,1,1,0,1,0,0,0,1,0,0,0,0,0,0,0,0
0,0,0,0,0,1,0,2,0,0,0,0,0,0,0,1,0,3,0,0,1,0,2,0,0,0,5,0,0,0,1,0,0,0,2,0,0,0,0,1,0,1,0,0,0,0,0,0,1,1,0,0,0,0,0,0,0,0,0,0,0,0,1,1,0,0,0,0,0,0,0,0,0,0,0,0,3,0,0,0,0,1,0,3,0,0,0,0,0,1,0,0,0,0,0,0,0,0,1,2,0,0,0,0,0,0,0,0,0,0,0,0,0,0,1,0,0,0,0,0,0,0,1,0,0,0,0,0,0,0,0,0,1,0,0,0,0,1,0,0,0,4,3,0,0,0,0,1,0,0,0,0,2,0,1,1,0,0,0,0,0,0,0,0,1,0,0,0,0,0,1,0,0,0,1,0,0,0,0,0,0,1,0,0,0,0,0,0,1,1,1,0,1,0,1,0,0,0,0,0,0,1,0,0,0,0,0,0,0,0,0,0,6,0,0,0,1,0,0,4,0,0,1,0,0,0,0,0,0,0,0,0,0,1,0,0,0,0,1,0,0,1,0,0,0,0,2,1,0,0,0,0,0,0,0,0,14,0,0,0,0,0,0,0,0,0,0,0,0,0,0,1,0,0,0,2,0,0,0,0,0,1,0,0,0,0,0,0,0,0,0,0,0,1,0,0,1,0,0,1,0,0,0,0,0,0
1,0,1,0,0,1,1,0,0,0,0,0,0,0,0,1,0,6,0,0,0,1,2,0,0,0,7,0,0,2,0,0,0,0,0,1,0,0,2,4,3,1,0,0,0,0,0,0,0,0,0,1,0,2,0,0,0,0,0,0,0,0,1,1,0,0,2,0,0,0,0,0,0,0,0,0,0,0,0,0,1,0,0,2,0,0,0,1,0,1,0,0,0,0,0,2,0,0,0,1,0,0,0,0,0,0,1,0,0,0,0,0,1,0,0,0,1,0,0,0,1,0,0,2,0,2,1,1,0,1,0,0,0,0,0,0,1,3,0,0,0,3,3,0,0,1,0,5,0,0,0,0,2,0,0,0,0,0,0,1,0,0,0,0,0,1,4,0,0,0,1,0,0,0,0,0,0,3,0,0,0,2,1,1,1,0,0,0,0,1,3,1,0,0,3,1,0,0,1,0,0,1,0,1,0,1,0,0,0,0,0,0,6,3,0,0,1,0,1,5,1,0,2,0,0,0,0,0,0,0,0,0,0,1,0,0,4,0,0,0,1,0,0,0,1,0,2,0,0,0,0,0,0,0,1,1,11,1,0,0,0,0,2,0,1,0,0,0,0,0,0,0,0,0,0,0,0,0,0,1,0,0,0,0,0,0,0,0,0,0,0,0,0,1,0,1,3,0,1,1,0,1,1,1,0,1
2,0,0,1,2,0,0,2,0,1,1,0,0,2,0,0,1,21,3,3,0,0,2,0,0,0,6,0,0,1,0,0,3,0,2,0,0,0,1,2,0,2,0,0,0,0,1,0,3,1,1,0,0,0,1,2,0,0,0,1,0,0,2,1,0,0,1,0,0,0,0,0,3,0,0,2,3,0,0,1,0,0,1,2,0,2,0,0,1,1,0,0,0,0,0,0,0,0,1,1,0,0,1,0,0,0,0,0,1,1,0,0,2,1,0,1,0,0,0,0,3,1,2,1,0,0,0,1,0,1,0,0,0,0,0,1,0,5,3,0,1,3,1,0,2,1,2,10,0,0,0,0,4,0,0,1,1,0,0,0,0,0,0,0,0,0,2,2,2,0,0,1,0,0,0,0,1,1,1,0,0,3,0,1,0,0,0,0,0,3,0,1,2,0,2,0,0,0,1,0,0,2,0,0,0,3,0,0,0,0,0,1,3,2,0,0,5,0,0,2,1,0,1,0,0,0,0,0,0,1,0,1,0,0,0,0,6,0,0,0,1,1,0,0,0,0,2,1,0,0,0,2,0,0,0,0,12,1,0,0,0,0,0,0,0,0,0,1,0,0,3,4,0,0,0,2,0,2,0,2,0,0,0,0,0,0,0,2,0,0,0,1,1,0,0,0,2,0,1,0,0,0,0,0,1,0
2,0,0,1,0,1,0,0,2,2,0,2,0,0,0,1,2,8,0,3,3,0,8,0,2,1,8,1,0,2,0,0,0,0,2,0,2,1,4,1,4,1,0,1,1,0,0,1,1,1,1,0,0,3,0,0,1,1,0,1,0,0,4,0,0,0,0,0,3,0,2,0,3,0,0,0,0,0,0,0,0,1,5,2,0,0,0,0,0,1,1,0,0,0,2,0,0,0,1,5,0,1,0,1,0,2,0,0,5,0,0,0,1,1,2,0,0,0,0,1,2,2,0,1,0,0,1,0,0,2,0,0,0,0,1,2,1,5,6,1,4,4,1,0,2,0,0,18,0,0,0,0,12,0,0,0,0,0,0,0,1,0,0,0,0,1,4,0,2,0,0,1,0,1,2,0,0,0,0,1,0,8,0,0,0,0,1,0,2,0,2,2,1,3,8,0,0,0,0,0,0,2,0,2,0,0,0,0,0,0,0,0,4,1,0,0,11,0,0,1,1,2,4,0,0,1,0,0,0,0,3,1,1,1,0,1,12,1,1,0,0,1,2,1,0,0,2,3,2,1,0,16,0,0,1,0,11,2,0,0,1,0,0,0,0,0,0,0,0,0,1,4,0,0,0,0,0,2,0,3,1,1,0,0,0,1,0,4,1,0,0,0,3,1,0,1,4,0,3,3,1,1,1,1,3,0
0,0,0,0,0,0,0,4,2,3,0,0,0,1,0,0,2,17,0,3,4,0,12,0,1,1,11,0,0,1,1,0,0,0,1,0,2,0,1,1,6,1,0,0,0,0,0,1,0,0,0,0,0,4,2,0,1,0,0,1,1,1,10,3,0,0,2,3,2,1,1,0,4,0,0,0,1,0,0,0,1,1,2,0,1,0,0,0,0,1,1,0,2,0,0,0,1,0,2,4,0,1,0,0,1,0,0,4,4,0,1,0,1,0,1,1,0,1,0,0,4,0,1,2,1,0,1,1,1,4,0,1,0,0,1,7,0,16,12,0,1,11,4,0,0,0,4,23,0,0,0,0,8,0,1,1,0,1,0,0,0,4,0,0,0,0,6,0,4,0,1,0,0,1,0,0,2,0,2,0,1,10,0,4,0,0,4,0,1,1,3,0,5,1,7,5,0,0,3,0,0,6,1,2,0,2,1,1,0,0,0,0,5,2,3,1,8,0,0,6,8,0,0,0,0,2,0,0,0,0,1,0,0,0,0,0,2,0,0,0,0,1,3,1,1,0,4,3,1,2,0,19,0,0,1,0,12,1,0,0,1,0,0,0,0,2,1,0,1,0,2,1,0,0,0,4,0,1,0,9,0,1,0,1,0,1,0,5,1,0,0,0,11,1,1,2,9,1,1,5,0,0,0,3,3,1
0,1,1,0,1,1,0,3,1,6,3,1,0,3,2,2,0,19,0,2,4,1,10,0,5,0,11,0,0,1,0,1,2,0,1,0,1,2,2,5,8,7,1,0,0,2,1,0,1,3,0,0,0,5,3,0,0,2,0,0,0,0,20,5,1,1,3,2,8,0,2,0,6,1,1,2,2,0,1,1,0,1,7,0,0,0,0,0,1,2,3,2,4,0,0,0,0,0,5,11,3,1,0,2,2,2,0,4,7,0,0,2,0,1,0,3,0,0,0,1,2,0,1,3,0,1,1,0,0,2,0,0,0,2,1,6,0,11,2,2,4,19,1,1,0,0,0,45,1,0,0,0,14,1,0,0,0,0,0,0,0,2,0,0,0,1,6,1,2,0,4,3,0,3,1,0,1,1,8,1,0,17,0,11,0,1,13,1,8,2,1,1,5,3,6,4,1,3,6,0,0,9,0,2,0,4,0,0,4,0,0,0,7,8,1,0,27,0,0,12,1,0,2,0,0,0,0,0,1,1,4,0,1,1,1,0,8,0,0,0,0,1,7,3,0,0,5,7,1,4,0,12,0,0,1,0,7,1,0,0,0,1,2,0,1,2,2,0,4,0,3,5,1,0,0,7,6,3,1,4,0,1,0,0,1,1,0,5,1,5,0,1,20,2,1,0,10,0,2,6,0,1,0,6,2,2
0,1,4,0,6,1,1,2,1,19,6,9,0,2,0,3,1,24,1,5,6,1,13,0,4,1,25,2,0,6,2,4,4,2,1,0,1,3,6,9,8,8,0,2,4,0,0,1,0,3,1,1,1,4,6,1,0,5,2,2,0,1,25,4,4,3,1,3,7,0,7,2,27,3,0,6,2,1,0,1,0,5,9,6,2,0,0,1,0,3,0,3,5,0,0,0,0,1,4,17,7,1,0,2,2,0,0,3,6,2,1,1,3,0,2,2,0,4,0,0,7,1,3,6,0,0,1,3,1,5,0,0,0,0,1,7,0,14,20,1,4,47,5,2,1,2,2,51,4,0,0,0,21,2,2,0,1,1,1,0,0,5,1,0,2,2,9,5,2,1,2,5,1,0,4,0,0,2,2,0,6,8,0,19,0,0,16,0,7,3,1,0,7,3,8,11,0,1,5,1,0,12,0,0,1,16,2,0,3,0,0,0,13,6,3,0,18,1,0,21,3,2,7,0,0,1,2,1,2,3,5,1,3,3,0,2,5,3,0,0,0,1,12,8,1,0,7,6,3,3,0,24,1,1,4,0,21,1,0,2,4,7,3,0,0,1,9,1,9,1,1,12,0,0,0,7,9,1,0,17,0,5,0,2,0,1,0,8,4,5,0,1,34,1,4,0,17,0,2,6,0,1,0,11,1,1
0,1,5,0,4,0,1,4,3,19,8,8,1,4,2,2,5,32,2,17,19,5,13,0,18,2,28,4,1,1,10,3,4,1,2,0,0,7,2,11,12,5,0,0,3,0,6,1,3,3,3,1,0,9,6,0,2,3,11,3,0,0,24,4,1,1,1,2,9,0,6,3,49,7,0,12,6,0,1,0,0,7,14,5,4,1,1,1,0,0,1,1,9,0,1,0,0,1,11,11,6,0,0,3,1,1,3,7,7,2,2,4,3,0,1,1,0,4,0,3,17,3,2,10,4,3,1,5,1,5,0,1,1,2,2,7,2,25,18,2,9,47,6,0,1,5,0,54,2,1,1,0,27,6,4,1,0,1,1,0,1,4,0,1,3,7,9,4,7,0,3,9,1,2,0,0,4,4,6,2,0,11,0,27,0,3,29,1,4,4,3,2,7,4,10,13,0,2,4,1,0,21,0,9,1,14,1,1,9,0,2,0,15,11,0,4,31,2,3,30,7,2,9,0,2,8,3,2,5,1,2,0,0,4,0,4,6,3,1,1,0,1,11,2,3,1,11,17,12,2,1,26,1,1,3,5,24,1,1,0,0,5,4,0,0,1,16,0,6,1,3,11,0,0,0,12,10,1,5,10,1,0,3,1,0,2,0,8,7,3,3,1,44,1,0,2,29,1,2,4,1,1,2,15,2,2
0,0,8,2,12,0,4,9,3,35,7,10,4,5,0,5,7,60,6,11,19,6,13,3,18,0,44,1,3,1,5,5,12,4,5,2,2,8,5,1,34,12,0,0,3,1,7,2,4,4,1,0,0,11,12,3,1,3,14,2,2,3,28,10,1,1,2,2,12,2,19,4,55,6,4,14,8,0,0,0,1,9,14,8,5,0,1,2,3,3,2,1,10,0,2,3,0,1,3,12,10,0,0,3,3,4,2,3,4,5,2,6,0,1,4,1,1,4,2,5,20,2,3,6,4,3,3,7,0,5,1,2,2,2,1,13,1,29,17,0,13,56,10,2,2,5,3,56,9,0,1,2,30,9,7,0,0,2,0,2,0,6,6,1,1,11,12,6,4,0,6,18,1,0,6,1,6,3,5,1,4,12,0,16,2,2,42,0,7,5,2,3,10,6,8,10,1,1,3,1,0,37,1,6,0,20,3,1,9,3,2,1,25,27,3,3,29,5,2,46,12,6,5,1,1,5,3,1,9,1,2,0,1,5,2,3,6,2,3,0,1,0,11,7,6,1,15,15,23,1,6,30,1,2,9,3,33,2,0,3,2,5,2,0,2,0,13,2,3,1,2,15,0,0,1,26,16,1,1,16,0,2,5,5,0,0,0,11,4,9,1,1,50,6,0,7,17,2,6,9,0,2,3,19,1,4
0,5,13,1,10,0,5,11,9,38,7,12,4,11,2,5,12,53,5,13,14,10,25,10,12,3,49,5,1,1,3,6,12,1,1,2,6,9,11,23,17,13,0,1,8,1,3,3,9,4,1,4,0,10,17,6,1,9,12,5,5,5,43,5,0,2,6,1,9,6,22,3,56,7,1,21,6,2,2,2,0,11,18,5,5,1,4,2,5,2,2,1,12,1,2,3,6,1,5,21,9,1,3,3,5,0,1,6,3,9,2,0,1,3,2,1,2,7,1,1,18,2,4,8,6,5,0,7,0,9,1,1,1,0,1,32,5,41,9,1,7,68,19,1,1,7,2,42,3,2,1,0,32,10,12,4,0,2,1,0,6,6,3,3,7,6,12,9,5,0,5,31,1,5,11,1,6,7,11,2,2,17,0,28,5,2,39,0,10,6,2,7,12,3,10,11,2,5,7,3,1,43,2,7,1,32,2,1,3,0,1,0,22,27,10,6,32,4,3,54,15,7,16,1,1,8,8,1,5,5,8,3,0,10,1,6,3,0,3,2,2,3,18,9,10,0,18,16,25,3,8,23,0,8,10,1,24,10,1,3,2,9,1,2,5,1,15,1,7,1,1,30,1,2,2,38,26,2,1,14,3,3,2,6,0,3,1,11,5,10,0,0,47,1,1,2,15,2,4,10,5,3,2,14,4,3
0,2,9,3,5,3,11,12,8,43,9,4,7,11,1,10,10,63,4,25,21,13,25,10,14,3,37,0,3,4,4,4,9,2,5,1,1,7,15,12,16,14,2,1,8,7,3,2,4,9,5,4,3,14,26,4,1,10,3,6,8,6,57,9,5,2,12,4,7,1,20,1,49,10,6,22,8,0,3,3,3,27,29,19,6,0,4,3,5,7,3,1,12,3,3,1,1,3,7,21,18,8,1,4,4,3,1,6,5,2,0,6,3,1,2,4,0,6,0,5,16,5,3,15,4,3,2,7,3,8,1,1,2,4,1,30,6,38,7,2,5,64,23,2,3,13,6,29,7,6,1,3,25,8,15,8,3,3,1,1,9,4,11,1,3,3,19,13,6,3,8,28,1,13,18,3,8,8,17,5,13,19,2,34,7,2,28,1,21,1,8,3,13,2,18,9,2,6,2,4,3,43,2,6,5,24,4,5,4,0,4,3,20,35,14,3,28,2,5,31,11,3,15,3,2,2,14,2,6,9,7,2,0,5,6,10,10,2,6,0,2,7,12,12,9,1,19,17,28,4,5,32,1,3,26,2,16,14,0,3,4,7,3,4,11,7,8,2,1,3,6,14,1,1,0,49,29,8,4,22,4,3,2,1,1,2,2,9,5,11,0,1,44,15,9,3,14,4,2,13,5,0,7,11,3,8
0,7,11,2,9,2,17,9,11,42,13,5,10,17,1,5,11,73,8,22,12,7,30,18,23,0,50,3,3,4,9,5,27,5,2,2,2,3,12,12,18,6,0,0,12,8,1,3,5,10,3,2,1,11,26,6,4,8,4,6,3,6,54,7,5,2,10,1,13,5,27,4,46,8,9,22,9,0,4,2,6,48,27,8,7,2,1,3,5,8,3,3,13,10,2,3,9,3,13,10,6,6,3,6,3,7,1,3,6,1,4,3,3,0,5,4,0,9,2,5,27,1,3,8,8,5,7,9,1,6,5,4,5,4,5,26,5,42,4,2,7,78,16,1,3,6,6,20,7,8,0,1,42,5,23,5,5,5,2,4,1,3,10,2,3,10,24,18,4,2,3,22,2,15,17,3,21,11,23,5,6,27,4,11,13,5,26,1,16,7,8,4,9,6,11,5,12,9,9,3,1,19,4,3,11,40,6,2,3,0,3,5,11,24,20,3,20,5,4,32,13,7,18,2,0,9,18,1,4,9,5,7,3,3,7,12,11,2,7,2,5,6,7,16,10,1,9,18,38,3,2,22,0,9,22,4,16,7,1,3,8,5,0,3,22,5,7,4,9,0,8,18,3,0,1,37,17,7,5,9,4,1,1,5,5,0,0,9,11,19,0,1,49,25,3,2,11,6,6,22,1,2,4,18,4,5
0,9,12,1,6,5,5,14,9,27,4,13,7,13,8,10,12,70,2,13,10,6,18,19,19,1,52,1,0,5,1,4,16,4,2,3,6,12,9,6,20,10,0,0,13,13,1,1,12,11,1,6,1,16,18,4,4,8,4,0,7,4,33,6,2,0,16,5,10,3,12,0,21,6,8,29,8,0,6,3,6,40,35,8,6,0,1,2,3,6,6,7,9,1,1,7,18,0,18,8,13,7,1,13,4,7,5,8,2,1,4,3,3,7,3,9,0,1,2,4,26,5,2,2,8,6,4,3,2,6,5,3,0,2,1,28,8,39,6,1,11,43,22,1,1,13,14,17,9,14,1,0,26,5,44,6,6,6,2,3,0,3,10,1,2,8,16,23,13,6,15,24,3,11,27,6,14,13,11,8,4,26,3,24,13,12,32,4,8,8,8,4,10,3,17,7,5,4,2,6,2,27,5,1,4,37,4,5,3,1,0,2,22,35,15,6,23,2,6,27,7,5,11,3,1,10,22,2,6,8,7,7,2,8,6,13,10,2,6,1,3,6,4,14,11,2,10,20,38,0,4,16,1,11,22,4,10,4,1,2,9,6,1,7,21,2,7,10,7,1,7,9,2,2,0,20,24,7,3,7,3,2,1,2,0,3,1,6,7,22,2,3,39,15,2,2,8,3,6,13,2,1,8,11,12,9
0,4,4,8,12,6,12,14,9,25,6,14,9,17,6,12,11,60,7,17,10,6,23,16,7,0,39,2,4,11,9,5,14,4,7,8,3,4,13,12,19,11,0,1,9,18,4,16,11,8,2,6,3,26,25,5,5,8,5,3,6,5,24,7,10,0,9,3,9,7,12,1,33,10,17,27,3,0,17,2,1,28,34,12,8,3,2,1,1,4,6,6,9,8,6,3,12,4,8,9,10,6,5,14,3,4,3,11,2,1,2,3,6,4,3,3,0,8,3,5,31,5,1,5,9,4,3,6,1,7,10,3,0,1,2,18,6,31,3,5,6,47,11,5,2,12,12,14,14,23,0,2,14,5,40,5,11,8,4,5,8,2,7,1,2,10,8,16,13,6,4,15,2,14,17,5,28,12,14,6,5,16,8,14,4,7,15,1,5,15,2,8,10,2,17,7,9,6,2,5,2,14,6,4,8,29,4,1,2,2,0,2,10,36,7,3,11,4,5,28,13,5,11,1,2,5,8,2,9,13,5,7,1,12,13,4,24,1,9,3,0,5,4,19,17,4,16,20,43,5,8,18,0,5,19,6,6,5,2,1,5,3,2,3,20,5,5,5,1,3,6,11,5,1,3,37,19,11,4,14,3,2,3,5,0,5,2,7,13,17,1,3,23,12,4,5,11,5,4,16,2,3,5,9,4,3
0,0,9,7,5,8,6,15,10,32,1,14,1,15,9,9,8,61,5,8,16,5,21,15,13,2,24,6,5,15,9,6,15,5,9,7,2,14,27,9,11,9,0,4,11,31,1,14,12,11,9,15,4,29,23,1,3,11,1,1,6,2,36,17,13,3,6,7,12,8,9,5,26,7,15,18,8,2,15,3,4,30,36,17,13,6,2,2,0,10,10,3,7,4,5,8,18,3,9,3,9,2,3,7,2,3,2,5,2,2,1,6,2,4,1,10,2,9,19,8,47,6,3,3,19,3,3,11,1,6,15,0,7,1,20,23,7,25,3,2,10,31,13,3,7,8,19,18,12,21,5,1,19,17,53,7,14,10,7,4,5,5,15,5,1,8,9,10,13,6,1,17,2,12,10,3,28,6,13,5,5,19,8,17,7,6,14,3,7,10,0,13,10,3,19,8,10,7,7,7,3,14,10,5,10,28,4,4,5,11,0,2,19,22,6,0,5,5,7,30,8,7,14,2,3,8,11,0,9,13,8,6,3,13,14,6,19,3,22,3,1,3,6,16,26,4,14,29,39,8,8,10,3,12,22,4,12,3,3,5,6,6,5,3,16,4,6,9,2,2,14,7,13,1,7,37,13,17,9,9,13,3,8,10,2,4,1,10,18,26,1,6,22,12,0,6,7,3,12,12,3,0,7,8,9,4
3,2,8,6,8,21,7,29,19,35,3,27,7,9,10,18,13,49,3,16,18,4,14,7,6,4,19,10,14,12,9,9,15,6,8,3,10,9,27,14,11,9,0,9,14,30,5,22,16,9,12,9,4,16,23,1,3,14,3,3,6,7,42,14,3,3,29,10,1,9,6,3,33,8,24,19,13,5,16,6,14,21,25,15,14,10,0,4,4,11,15,11,3,5,9,11,23,9,6,2,13,6,3,16,3,11,7,20,5,1,3,6,17,7,0,9,3,14,39,21,46,9,8,6,28,5,4,20,6,12,12,3,4,3,19,25,11,26,1,5,6,24,18,8,14,8,13,12,19,27,6,4,22,8,64,9,12,20,7,8,9,4,22,8,6,7,13,13,32,4,7,7,7,9,10,9,20,8,19,2,20,14,4,12,7,8,10,12,9,17,1,16,15,5,27,4,8,17,6,6,1,14,17,6,31,24,5,2,5,6,2,1,13,20,10,4,10,6,13,30,14,2,22,5,1,5,9,0,4,13,11,7,7,10,8,6,34,3,35,8,7,18,6,13,11,3,9,21,39,12,9,17,4,15,22,2,12,3,4,4,7,11,4,5,17,7,25,17,1,3,15,10,22,1,7,23,13,15,11,19,14,6,13,21,6,4,1,5,14,29,6,11,29,13,1,7,12,5,7,14,4,0,6,12,6,7
0,1,14,14,11,27,12,48,42,26,3,33,10,12,3,18,30,85,6,18,20,6,18,12,24,9,34,25,19,22,13,13,11,3,36,8,16,7,37,12,14,7,2,18,11,42,13,13,40,17,23,8,5,24,32,4,4,8,10,0,6,9,48,16,2,8,31,22,16,13,19,2,36,16,22,23,25,1,9,1,5,12,40,16,14,20,2,8,14,43,20,6,4,2,16,11,38,7,8,9,9,9,14,22,7,25,6,34,5,10,7,4,17,13,3,20,4,13,35,23,62,16,7,2,30,8,4,26,5,4,17,3,13,7,25,19,12,18,7,16,11,27,22,13,25,10,13,24,23,38,8,5,19,10,58,3,9,22,3,12,10,4,30,3,10,4,14,12,51,2,5,9,6,7,23,18,20,16,7,7,17,24,5,18,6,13,20,11,6,12,1,10,6,12,63,3,6,14,11,11,4,12,17,5,51,29,10,3,5,15,0,4,15,23,7,5,12,1,15,41,16,13,8,10,2,10,8,0,6,12,6,9,5,6,11,5,20,13,50,7,9,15,1,21,8,6,16,21,39,9,5,27,9,11,23,6,16,7,9,2,4,14,6,6,19,11,33,22,1,5,30,11,15,2,2,27,21,37,28,10,11,9,7,19,5,10,1,4,9,31,3,7,32,24,4,16,16,6,7,13,8,3,5,15,9,11
2,19,15,31,12,29,14,33,57,27,4,34,15,3,13,27,52,99,6,30,21,13,19,10,37,10,18,31,22,41,18,27,26,15,59,11,19,3,71,13,8,3,2,20,24,38,17,24,36,17,23,8,11,29,32,6,20,9,17,9,9,11,34,19,2,8,54,31,8,18,38,5,26,25,32,25,46,7,11,7,14,11,33,18,20,22,11,12,21,62,30,14,13,6,21,7,28,8,7,12,14,8,9,16,8,35,16,58,8,14,15,6,27,19,4,36,29,22,36,17,50,21,26,11,42,6,5,47,8,7,15,19,28,14,18,39,21,21,6,44,16,25,26,19,34,8,14,22,29,34,17,9,24,13,61,2,8,36,7,13,6,10,40,11,16,5,10,17,57,3,11,5,20,7,19,18,32,20,12,4,11,35,14,19,9,8,10,12,9,21,5,23,7,9,63,2,4,14,13,14,4,11,23,9,40,27,7,8,6,21,0,2,7,34,6,10,18,1,27,43,21,16,18,11,14,14,10,4,6,11,9,13,13,10,11,8,23,22,53,22,9,22,12,19,18,7,20,15,36,17,6,17,17,37,23,11,14,10,12,3,8,29,5,6,32,21,31,26,4,2,47,13,15,4,9,24,34,51,33,19,18,17,17,37,17,8,1,6,10,27,9,14,39,23,10,12,23,6,9,19,17,11,9,20,7,8
11,17,29,40,20,26,24,46,74,21,8,53,23,12,11,36,47,158,14,30,23,11,24,3,81,22,40,47,39,36,16,31,33,30,73,13,21,19,79,22,16,14,6,20,23,47,41,43,39,15,50,8,15,38,50,12,39,7,40,8,33,5,64,29,4,16,67,33,10,24,59,11,18,48,22,29,53,10,7,15,21,14,30,25,37,48,8,12,25,58,36,21,19,12,29,20,27,11,16,12,17,18,15,26,25,44,10,73,9,11,27,8,28,12,7,27,18,20,35,31,75,21,19,13,48,7,13,60,23,18,24,24,35,18,33,30,22,24,22,39,20,56,41,23,50,13,11,42,32,49,20,19,36,26,45,1,9,46,6,20,21,15,57,18,24,15,17,20,63,1,16,7,28,19,8,30,36,29,17,6,9,42,24,26,15,9,24,17,18,22,3,32,10,10,59,9,9,24,13,26,3,20,15,10,43,26,19,17,13,19,1,3,15,49,4,11,30,7,25,55,30,27,30,13,12,13,11,5,8,23,8,29,15,3,6,19,16,17,84,43,22,22,15,22,16,9,24,23,47,13,12,26,34,44,30,22,15,8,22,2,15,64,18,16,44,21,42,35,7,2,41,13,25,12,8,25,45,44,28,22,19,15,22,45,20,7,2,10,12,45,7,19,30,37,12,36,54,22,17,69,25,15,15,16,20,25
14,23,19,52,26,25,16,33,73,23,10,44,40,9,23,48,59,188,18,26,24,19,24,2,125,21,45,57,45,62,11,43,36,64,63,22,23,16,103,24,26,13,13,25,19,40,27,48,38,24,44,13,24,49,54,13,33,13,45,9,54,7,55,37,1,28,76,34,6,18,46,10,37,54,14,42,56,6,17,26,21,12,36,14,48,58,13,17,32,49,33,15,21,13,28,25,21,11,4,14,13,12,13,23,25,35,26,74,19,10,17,11,34,17,8,31,27,14,36,32,61,21,11,10,54,16,18,60,19,13,35,50,35,27,38,32,26,36,21,44,26,56,47,28,44,20,7,59,39,42,17,10,35,32,51,7,23,34,4,11,29,24,35,19,33,15,21,15,62,0,9,13,35,18,4,16,50,17,24,6,14,35,37,34,10,7,24,15,12,21,20,48,13,26,66,18,18,42,11,26,2,15,25,9,44,28,17,10,14,20,10,3,16,84,10,14,58,13,22,52,26,30,40,37,19,10,17,7,13,27,14,26,16,7,8,21,19,49,46,34,12,24,38,16,16,17,30,27,35,13,7,32,44,43,36,22,21,16,16,22,21,88,9,16,53,27,37,20,10,3,56,12,19,14,11,28,58,43,43,31,26,16,38,50,30,11,2,4,19,44,17,19,30,75,12,27,75,16,16,74,22,27,27,20,6,31
4,22,25,45,28,16,8,31,48,23,8,25,21,6,32,28,41,163,11,20,17,20,31,2,136,13,40,39,24,37,14,46,45,42,34,14,14,25,97,20,20,21,8,23,14,32,34,35,38,25,42,6,19,50,54,18,35,2,33,10,55,6,43,42,7,19,61,17,11,27,52,16,22,65,18,61,46,14,18,18,18,7,39,31,33,49,19,12,17,41,17,16,18,6,31,13,20,3,13,17,16,14,17,21,31,36,25,65,22,5,15,10,30,16,7,28,20,7,20,23,39,26,16,14,54,8,15,42,19,18,28,22,19,15,38,32,21,30,33,36,27,39,53,27,43,10,9,80,39,34,17,10,46,29,37,1,10,21,4,10,22,24,30,27,24,5,23,15,42,6,12,3,32,16,8,15,35,17,20,4,13,49,40,34,12,3,21,13,13,34,22,40,10,17,37,30,16,34,13,20,3,17,22,5,26,19,6,9,20,24,5,10,10,71,6,16,51,7,26,41,50,29,31,32,19,11,44,7,12,18,13,26,10,11,14,21,17,31,39,32,23,24,43,14,14,14,31,19,38,16,3,28,26,46,17,26,27,19,26,17,24,75,16,9,30,21,21,16,9,2,23,14,8,9,9,35,54,22,26,29,20,18,28,33,29,18,2,10,8,41,8,18,27,71,11,27,74,15,21,65,12,21,20,15,10,27
